,站號,站名,海拔高度(m),城市,經度,緯度,地址
0,466850,五分山雷達站,756.0,新北市,121.781205,25.071182,瑞芳區靜安路四段1巷1號
1,466880,板橋,9.7,新北市,121.442017,24.997647,板橋區大觀路二段265巷62號
2,466900,淡水,19.0,新北市,121.448906,25.164889,淡水區中正東路42巷6號
3,466910,鞍部,837.6,臺北市,121.529731,25.182586,北投區陽明山竹子湖路111號
4,466920,臺北,5.3,臺北市,121.514853,25.037658,中正區公園路64號
5,466930,竹子湖,607.1,臺北市,121.544547,25.162078,北投區陽明山竹子湖路2號
6,466940,基隆,26.7,基隆市,121.740475,25.133314,仁愛區港西街6號6樓(海港大樓6樓)
7,466950,彭佳嶼,101.7,基隆市,122.079744,25.627975,中正區彭佳嶼
8,466990,花蓮,16.1,花蓮縣,121.613275,23.975128,花蓮市花崗街24號
9,467050,新屋,20.6,桃園市,121.047486,25.006744,新屋區東興路二段946號
10,467060,蘇澳,24.9,宜蘭縣,121.857372,24.596736,蘇澳鎮港區路1號6樓(蘇澳港行政大樓6樓)
11,467080,宜蘭,7.2,宜蘭縣,121.756528,24.763975,宜蘭市力行路150號
12,467110,金門,47.9,金門縣,118.289281,24.407306,金城鎮金水里西海路一段250號
13,467270,田中,48.6,彰化縣,120.581348,23.873776,田中鎮中潭里4鄰高鐵三路1段167號
14,467300,東吉島,43.0,澎湖縣,119.667467,23.25695,望安鄉東吉村156號
15,467350,澎湖,10.7,澎湖縣,119.563094,23.565503,馬公市新興路2號
16,467410,臺南,40.8,臺南市,120.204772,22.993239,中西區公園路21號
17,467420,永康,8.1,臺南市,120.2367,23.038386,永康區鹽行里正南五街520巷88號
18,467440,高雄,2.3,高雄市,120.315733,22.565992,前鎮區明孝里26鄰漁港南二路2號
19,467480,嘉義,26.9,嘉義市,120.432906,23.495925,西區北新里海口寮路56號
20,467490,臺中,84.0,臺中市,120.684075,24.145736,北區精武路295號
21,467530,阿里山,2413.4,嘉義縣,120.813242,23.508208,阿里山鄉中正村4鄰東阿里山73-1號
22,467540,大武,8.1,臺東縣,120.903789,22.355675,大武鄉大武街115號
23,467550,玉山,3844.8,南投縣,120.959522,23.487614,信義鄉玉山北峰1號
24,467571,新竹,26.9,新竹縣,121.014219,24.827853,竹北市北崙里3鄰光明五街60號
25,467590,恆春,22.3,屏東縣,120.746339,22.003897,恆春鎮天文路50號
26,467610,成功,33.5,臺東縣,121.373428,23.097486,成功鎮公民路84號
27,467620,蘭嶼,324.0,臺東縣,121.558339,22.036969,蘭嶼鄉紅頭村2號
28,467650,日月潭,1017.5,南投縣,120.90805,23.881325,魚池鄉水社村中山路270巷14號
29,467660,臺東,9.0,臺東縣,121.154586,22.752211,臺東市大同路106號
30,467770,梧棲,31.7,臺中市,120.523381,24.256003,梧棲區臺灣大道十段2號海港大樓6樓
31,467790,墾丁雷達站,42.0,屏東縣,120.808028,21.948235,恆春鎮燈塔路51巷33號
32,467990,馬祖,97.8,連江縣,119.923419,26.169269,南竿鄉四維村6鄰88號
33,C0A520,山佳,48.0,新北市,121.402008,24.974944,樹林區中山路3段5號(山佳國民小學校園內)
34,C0A530,坪林,300.0,新北市,121.709378,24.938203,坪林區
35,C0A540,四堵,401.0,新北市,121.745894,24.892761,坪林區碧湖(北宜路旁之碧湖橋道路上行約10分鐘)
36,C0A550,泰平,422.0,新北市,121.823711,24.971197,雙溪區泰平里8鄰大平路43號(泰平國小分校附近)
37,C0A560,福山,405.0,新北市,121.502811,24.776203,烏來區福山里李茂岸八號(福山國小旁)
38,C0A570,桶後,360.0,新北市,121.597992,24.848222,烏來區后桶街49號孝義里5-6k處路旁
39,C0A640,石碇,241.0,新北市,121.662931,24.993858,石碇區湳窟34號附近
40,C0A650,火燒寮,287.0,新北市,121.742892,25.002719,平溪區東勢里
41,C0A660,瑞芳,97.0,新北市,121.801147,25.113169,瑞芳區22403龍山里逢甲路360號(義方國民小學校園內)
42,C0A770,科教館,60.0,臺北市,121.516507,25.096356,士林區士商路189號（士林科教館樓頂）
43,C0A860,大坪,362.0,新北市,121.632969,25.165914,萬里區溪底里香員林6-3號
44,C0A870,五指山,685.0,新北市,121.608692,25.132153,汐止區國軍示範公墓旁之復興廣播電台門口外
45,C0A880,福隆,6.0,新北市,121.942083,25.017842,貢寮區東北角海岸國家風景管理處之福隆遊客中心後方
46,C0A890,雙溪,40.0,新北市,121.864242,25.036003,雙溪區雙溪里社區活動中心旁花圃內
47,C0A920,富貴角,196.0,新北市,121.565258,25.263783,石門區山溪里10鄰九芎林13號旁(石門國小山溪分班附近)
48,C0A931,三和,216.0,新北市,121.595236,25.233153,金山區三和國小兩湖分校
49,C0A940,金山,49.0,新北市,121.643967,25.223628,金山區中興段404地號(磺港社區活動中心內)
50,C0A950,鼻頭角,60.0,新北市,121.923372,25.129036,瑞芳區鼻頭角燈塔旁
51,C0A970,三貂角,96.0,新北市,122.002058,25.007606,貢寮區三貂角燈塔旁
52,C0A980,社子,11.0,臺北市,121.469681,25.109508,士林區延平北路九段212號(臺北海洋科技大學內)
53,C0A9C0,天母,35.0,臺北市,121.537169,25.117494,士林區天母東路116號(三玉國小內)
54,C0A9F0,內湖,35.0,臺北市,121.57545,25.079422,內湖區內湖路一段520號(內湖高工內)
55,C0AC40,大屯山,1079.0,臺北市,121.522408,25.175675,北投區湖田段461-6地號(民航局大屯山助航臺)
56,C0AC60,三峽,55.0,新北市,121.369728,24.939025,三峽區復興路238號(三峽國中校園內)
57,C0AC70,信義,71.0,臺北市,121.564597,25.037822,信義區市府路1號(台北市政府頂樓)
58,C0AC80,文山,40.0,臺北市,121.575728,25.00235,文山區木柵路4段159巷14-1號(博嘉國小校園內)
59,C0ACA0,新莊,25.0,新北市,121.446756,25.051478,新莊區中和街193號(榮富國小校園內)
60,C0AD00,三芝,86.0,新北市,121.501917,25.258131,三芝區育英路22號(三芝國小內)
61,C0AD10,八里,27.0,新北市,121.403947,25.150211,八里區中山路二段338號(八里國小內)
62,C0AD30,蘆洲,20.0,新北市,121.472331,25.086594,蘆洲區三民路96號(三民高中內)
63,C0AD40,土城,32.0,新北市,121.445169,24.973208,土城區金城路一段90號(新北市政府消防局土城分隊大樓樓頂)
64,C0AD50,鶯歌,84.0,新北市,121.346294,24.951533,鶯歌區尖山埔路106號(鶯歌國小內)
65,C0AG80,中和,48.0,新北市,121.491792,24.991622,中和區錦和路163號(錦和高中內)
66,C0AH00,汐止,38.0,新北市,121.658778,25.066881,汐止區大同路二段394號(汐止國中)
67,C0AH10,永和,30.0,新北市,121.508111,25.01125,永和區永平路205號(永平高中校園內)
68,C0AH30,五分山,755.0,新北市,121.780794,25.07125,瑞芳區靜安路四段1巷1號
69,C0AH40,平等,426.0,臺北市,121.577086,25.129142,士林區平菁街101號(平等國小)
70,C0AH50,林口,275.0,新北市,121.38084,25.072181,林口區仁愛路二段173號(林口高中內)
71,C0AH70,松山,34.0,臺北市,121.55042,25.04871,松山區敦化北路1號(臺北市松山運動中心)
72,C0AH80,深坑,68.0,新北市,121.628328,25.002703,深坑區文山路1段35號(深坑消防分隊樓頂)
73,C0AH90,福山植物園,660.0,新北市,121.58135,24.760717,烏來區福山植物園內(生活植物區之民俗植物區觀測坪)
74,C0AI00,五股,188.0,新北市,121.42728,25.07445,五股區外寮路12號
75,C0AI10,屈尺,76.0,新北市,121.54475,24.92184,新店區屈尺路83號(衛福部北區老人之家)
76,C0AI20,白沙灣,25.0,新北市,121.519058,25.283128,石門區德茂里下員坑33-6號（白沙灣遊客中心樓頂）
77,C0AI30,三重,26.0,新北市,121.500629,25.057328,三重區環河南路100號
78,C0AI40,石牌,35.0,臺北市,121.513167,25.115601,北投區石牌路一段139號(石牌國中自強樓頂樓)
79,C0AJ10,澳底,20.0,新北市,121.927272,25.057107,貢寮區新港街128號(澳底第16海巡隊樓頂)
80,C0AJ20,野柳,50.0,新北市,121.690021,25.20703,萬里區野柳村151-1號(野柳守望哨雷達塔)
81,C0AJ30,淡水觀海,22.0,新北市,121.408616,25.184591,淡水區觀海路251號(淡水第2海巡隊樓頂)
82,C0AJ40,石門,154.0,新北市,121.601198,25.273672,?石門區草里里草埔尾5號(黃金海岸高爾夫球場)
83,C0AJ50,水湳洞,30.0,新北市,121.862238,25.123695,瑞芳區水湳洞段00197-000建號(水湳洞犬區隊)
84,C0B010,七堵,38.0,基隆市,121.71713,25.094819,七堵區東新街22號(基隆商工樓頂)
85,C0B020,基隆嶼,86.0,基隆市,121.78391,25.19141,中正區基隆嶼
86,C0B040,大武崙,15.0,基隆市,121.706993,25.166676,安樂區武聖街144弄50號(大武崙安檢所樓頂)
87,C0B050,八斗子,5.0,基隆市,121.79167,25.144754,中正區漁港1街9號(八斗子安檢所樓頂)
88,C0C460,復興,482.0,桃園市,121.352281,24.820208,復興區澤仁里中正路248號(介壽國民中學校園內)
89,C0C480,桃園,105.0,桃園市,121.323172,24.992425,桃園區成功路二段144號(桃園高級農工職業學校校園內)
90,C0C490,八德,157.0,桃園市,121.283289,24.928708,八德區興仁里中山路94號(八德國民小學校園內)
91,C0C540,大園,46.0,桃園市,121.225958,25.04775,大園區埔心里25鄰中正東路1段189巷35號(埔心國民小學)
92,C0C590,觀音,72.0,桃園市,121.153317,25.027072,觀音區廣福里10-42號(逸福農場)
93,C0C620,蘆竹,19.0,桃園市,121.265767,25.084275,蘆竹區坑口里14鄰旁
94,C0C630,大溪,209.0,桃園市,121.265547,24.882853,大溪區員林路2段450號(員樹林國小校園內)
95,C0C650,平鎮,208.0,桃園市,121.214636,24.897503,平鎮區中豐路山頂段375巷45號(山豐國民小學校園內)
96,C0C660,楊梅,176.0,桃園市,121.143047,24.912375,楊梅區金華街100號(楊心國小)
97,C0C670,龍潭,250.0,桃園市,121.221389,24.870056,龍潭區中興路726號（龍潭消防分隊）
98,C0C680,龜山,228.0,桃園市,121.38656,25.02846,龜山區文化一路250號(國立體育大學田徑場)
99,C0C700,中壢,151.0,桃園市,121.256375,24.977661,中壢區成章四街120號(內壢高中樓頂)
100,C0C710,大溪永福,143.0,桃園市,121.324975,24.892936,大溪區信義路1165號（永福國小）
101,C0C720,竹圍,21.0,桃園市,121.239824,25.112692,大園區沙崙段沙崙小號00719-000建號(竹圍第一機動巡邏隊樓頂)
102,C0C730,中大臨海站,5.0,桃園市,121.008581,24.966126,新屋區蚵殼港段深圳小段52-41號土地(中央大學臨海工作站)
103,C0C740,觀音工業區,5.3,桃園市,121.114856,25.064764,觀音區經建七路5號(觀音工業區汙水處理廠迴流汙泥站機房樓頂)
104,C0D360,梅花,523.0,新竹縣,121.208558,24.678347,尖石鄉梅花村1鄰11號(梅花國小校園內)
105,C0D390,關西,146.0,新竹縣,121.173947,24.798228,關西鎮北斗里北門口41號(關西國中校園內)
106,C0D430,峨眉,87.0,新竹縣,121.017189,24.6905,峨眉鄉31541峨眉村峨眉街54號(峨眉國中校園內)
107,C0D480,打鐵坑,223.0,新竹縣,121.150789,24.849664,新埔鎮新北里8鄰大北坑28號旁
108,C0D540,橫山,227.0,新竹縣,121.11693,24.71116,橫山鄉橫山村橫山段426-6地號上
109,C0D550,雪霸,1956.0,新竹縣,121.11605,24.526972,五峰鄉桃山村民石380號(雪霸農場內)
110,C0D560,竹東,147.0,新竹縣,121.057881,24.767147,竹東鎮二重國民小學校園內
111,C0D580,寶山,120.0,新竹縣,121.025192,24.735006,寶山鄉新湖路280號旁
112,C0D590,新豐,143.0,新竹縣,120.97721,24.87068,新豐鄉松柏村康和路199號(小叮噹科學主題樂園)
113,C0D650,湖口,97.0,新竹縣,121.043628,24.904794,湖口鄉信勢村三鄰成功路109號(湖口消防分隊)
114,C0D660,新竹市東區,65.0,新竹市,120.986947,24.798676,東區光復路二段321號（工研院光復院區6館）
115,C0D670,海天一線,23.0,新竹市,120.914438,24.831986,北區(海天一線看海公園)
116,C0D680,香山濕地,24.0,新竹市,121.914988,24.783581,香山區西濱路三段500巷17號
117,C0D690,外湖,20.0,新竹縣,120.968711,24.917735,新豐鄉新豐段00369-000建號(外湖守望哨樓頂)
118,C0E420,竹南,19.0,苗栗縣,120.888897,24.708978,竹南鎮大埔里仁愛路1092號(竹南鎮大埔國民小學內)
119,C0E430,南庄,258.0,苗栗縣,121.000214,24.601775,南庄鄉東村文化路3號(南庄國小校園內)
120,C0E520,大湖,320.0,苗栗縣,120.87087,24.41494,大湖鄉大寮村5鄰竹高屋34-1號附近
121,C0E540,後龍,32.0,苗栗縣,120.783933,24.606489,後龍鎮後龍溪橋旁高地
122,C0E550,明德,84.0,苗栗縣,120.885411,24.583486,頭屋鄉明德水庫水利工作站屋頂上
123,C0E590,通霄,40.0,苗栗縣,120.704622,24.471892,通霄鎮城北里1鄰13號(通霄鎮城中國民小學內)
124,C0E610,馬都安,850.0,苗栗縣,120.930192,24.451272,泰安鄉錦水村(由泰安開車約2小時瞭望台旁)
125,C0E730,頭份,26.0,苗栗縣,120.912206,24.688247,頭份市中正路219號(苗栗縣頭份鎮頭份國小校園內)
126,C0E740,造橋,27.0,苗栗縣,120.864778,24.637056,造橋鄉造橋村14鄰3號(造橋國小)
127,C0E750,苗栗,62.0,苗栗縣,120.824575,24.564569,苗栗市中正路241號(建功國小)
128,C0E780,銅鑼,160.0,苗栗縣,120.790853,24.489681,銅鑼鄉福興村文化街1號(銅鑼國小)
129,C0E790,卓蘭,344.0,苗栗縣,120.824753,24.312764,卓蘭鎮中山路127號(卓蘭鎮公所)
130,C0E810,西湖,53.0,苗栗縣,120.7485,24.562947,西湖鄉二湖村2鄰22號(僑文國小)
131,C0E820,獅潭,220.0,苗栗縣,120.920042,24.539133,獅潭鄉新店村11鄰103-2號(獅潭鄉公所圖書館樓頂)
132,C0E830,苑裡,37.0,苗栗縣,120.653053,24.439714,苑裡鎮信義路1號(苑裡鎮公所)
133,C0E850,大河,104.0,苗栗縣,120.948578,24.618069,三灣鄉大河村48號(大河派出所)
134,C0E870,高鐵苗栗,34.0,苗栗縣,120.826094,24.60725,後龍鎮高鐵三路268號(高鐵苗栗站外)
135,C0E880,三義,507.0,苗栗縣,120.74982,24.40548,苗栗縣三義鄉130縣道13.5K附近（慈濟山茶園內）
136,C0E910,海埔,25.0,苗栗縣,120.772435,24.648767,後龍鎮海埔125之15號(外埔安檢所樓頂)
137,C0E920,通霄漁港,20.0,苗栗縣,120.673876,24.498589,通霄鎮漁港路69號(通霄安檢所樓頂)
138,C0E930,龍鳳,26.0,苗栗縣,120.859125,24.700034,竹南鎮龍鳳里龍江街359巷5號(龍鳳安檢所樓頂)
139,C0F000,大肚,273.0,臺中市,120.572117,24.15295,大肚區瑞井里遊園路一段2號(臺中區監理所內)
140,C0F0A0,雪山圈谷,3587.0,臺中市,121.236339,24.388594,和平區(往雪山主峰路上9.8公里處右邊)
141,C0F0B0,石岡,311.0,臺中市,120.777644,24.276061,石岡區石岡街6號 (臺中市石岡區衛生所)
142,C0F0C0,中坑,983.0,臺中市,120.903319,24.248517,和平區中坑里中坑段39地號內
143,C0F0D0,審馬陣,3171.0,臺中市,121.4203,24.381675,和平區南湖大山指標16.2K處(審馬陣山附近)
144,C0F0E0,南湖圈谷,3557.0,臺中市,121.444667,24.363714,和平區南湖大山指標20K處(南湖主峰東峰岔路附近)
145,C0F850,東勢,379.0,臺中市,120.833047,24.246428,東勢區東關路647號(東勢林區管理處雙崎工作站內)
146,C0F861,梨山,2215.0,臺中市,121.243669,24.247522,和平區梨山里福壽路29號（福壽山農場）
147,C0F930,大甲,100.0,臺中市,120.640403,24.347667,大甲區開元路71號(大甲高級工業職業學校內)
148,C0F970,大坑,145.0,臺中市,120.722289,24.173142,北屯區軍福十三路268號(東山消防分隊)
149,C0F9A0,中竹林,425.0,臺中市,120.751061,24.103556,太平區長龍路中埔二號橋至站址直線距離約1.7km
150,C0F9I0,神岡,194.0,臺中市,120.658314,24.272481,神岡區三民路639號(圳堵國小校園南側大樓屋頂平台)
151,C0F9K0,大安,30.0,臺中市,120.588025,24.345061,大安區中庄里中山南路296號(大安國小)
152,C0F9L0,后里,253.0,臺中市,120.729725,24.310436,后里區甲后路110號(后里國小)
153,C0F9M0,豐原,230.0,臺中市,120.720692,24.254322,豐原區豐榮里12鄰新生北路155號(豐原國小)
154,C0F9N0,大里,75.0,臺中市,120.701378,24.092464,大里區文化街120號(塗城國小)
155,C0F9O0,潭子,175.0,臺中市,120.703933,24.213106,潭子區中山路二段435號(潭子國小)
156,C0F9P0,清水,26.0,臺中市,120.562242,24.312297,清水區護岸路37號(高美國小)
157,C0F9Q0,外埔,149.0,臺中市,120.705686,24.347817,外埔區土城里土城西路55號(安定國小)
158,C0F9R0,龍井,20.0,臺中市,120.528972,24.184536,龍井區西里龍門路51號(龍井國小)
159,C0F9S0,烏日,43.0,臺中市,120.624103,24.107058,烏日區中山路二段196號(烏日國小)
160,C0F9T0,西屯,111.0,臺中市,120.641275,24.179494,西屯區西屯路二段300號(西屯國小)
161,C0F9U0,南屯,74.0,臺中市,120.637969,24.137006,南屯區黎明路一段968號(南屯國小)
162,C0F9V0,新社,525.0,臺中市,120.815806,24.200172,新社區大南里興中街46號(農委會種苗改良繁殖場)
163,C0F9X0,大雅(中科園區),166.0,臺中市,120.62445,24.21528,大雅區中部科學工業園區臺中園區(汙水處理機房樓頂)
164,C0F9Y0,桃山,3313.0,臺中市,121.303808,24.432739,和平區(位於往桃山山屋叉路解說牌附近)
165,C0F9Z0,雪山東峰,3193.0,臺中市,121.268675,24.388792,和平區(位於雪山東峰直升機停機坪東南東方60公尺處)
166,C0FA00,烏石坑,983.0,臺中市,120.94762,24.2735,和平區東崎路2段烏石巷109號
167,C0FA10,松柏,22.0,臺中市,120.617482,24.429115,大甲區順帆路233號(松柏安檢所樓頂)
168,C0FA20,溫寮,26.0,臺中市,120.583125,24.372177,大安區中山北路1巷67號(臺中大安區里民活動中心樓頂)
169,C0G620,芬園,110.0,彰化縣,120.6213,24.015678,芬園鄉楓坑村大埔崙產業道路上(芬園往臺灣民俗村路上)
170,C0G640,鹿港,17.0,彰化縣,120.430481,24.0753,鹿港鎮海埔里顏厝巷67號(行政院退輔會魚殖管理處彰化分場內)
171,C0G650,員林,34.0,彰化縣,120.585597,23.946503,員林市萬年里明倫路2號(明倫國中內)
172,C0G660,溪湖,27.0,彰化縣,120.479122,23.94835,溪湖鎮大竹里彰水路2段725號(湖南國民小學內)
173,C0G720,溪州,50.0,彰化縣,120.499093,23.851589,溪州鄉溪下路四段560號(溪州鄉公所)
174,C0G730,二林,27.0,彰化縣,120.376081,23.903325,二林鎮仁愛路200號(二林消防分隊)
175,C0G740,大城,24.0,彰化縣,120.320935,23.852487,大城鄉東城村中平路185號(大城鄉公所)
176,C0G770,福興,15.0,彰化縣,120.437669,24.041289,福興鄉員鹿路二段270號(福興國中)
177,C0G780,秀水,27.0,彰化縣,120.503869,24.03405,秀水鄉安東村中山路257號(秀水國小)
178,C0G800,埔鹽,15.0,彰化縣,120.431683,24.000394,埔鹽鄉永樂村永樂路600號(永樂國小)
179,C0G810,埔心,26.0,彰化縣,120.525456,23.947633,埔心鄉舊館村員鹿路四段201號(舊館國小)
180,C0G820,田尾,29.0,彰化縣,120.509389,23.901669,田尾鄉中正路二段101號(仁豐國小)
181,C0G830,埤頭,27.0,彰化縣,120.452806,23.866003,埤頭鄉大湖村大湖路260號(大湖國小)
182,C0G840,北斗,32.0,彰化縣,120.514222,23.877586,北斗鎮斗苑路二段150號(螺陽國小)
183,C0G860,社頭,45.0,彰化縣,120.5862,23.897647,社頭鄉社斗路一段258號(社頭國小)
184,C0G870,芳苑,12.0,彰化縣,120.320025,23.922303,芳苑鄉仁愛村斗苑路芳苑段211號(芳苑國中)
185,C0G880,二水,92.0,彰化縣,120.6173,23.810742,二水鄉文化村119號(二水國小)
186,C0G890,伸港,24.0,彰化縣,120.484403,24.148933,伸港鄉新港村和平路60號(新港國小)
187,C0G900,線西,20.0,彰化縣,120.443536,24.143358,線西鄉慶福路300號（彰濱工業區線西服務大樓內)
188,C0G910,花壇,42.0,彰化縣,120.549461,24.032076,彰化縣花壇鄉彰員路2段580號（花壇國中內）
189,C0G920,永靖,42.0,彰化縣,120.547533,23.924703,永靖鄉瑚璉路230號（永靖鄉公所樓頂）
190,C0G940,竹塘,21.0,彰化縣,120.386764,23.848253,竹塘鄉東陽路二段123號（長安國小校園內）
191,C0H890,埔里,440.0,南投縣,120.952425,23.972169,埔里鎮大城里大城路169號(南投縣立大成國民中學內)
192,C0H950,中寮,192.0,南投縣,120.766406,23.884447,中寮鄉復興村初中巷50號(中寮國中校園內)
193,C0H960,草屯,120.0,南投縣,120.68085,23.973672,草屯鎮中山里草鞋墩1街8號(草屯鎮公所樓頂)
194,C0H990,昆陽,3076.0,南投縣,121.273642,24.121322,仁愛鄉昆陽警察局後方下坡處(太魯閣國家公園)石碑後20公尺
195,C0H9A0,神木村,1595.0,南投縣,120.843667,23.532742,信義鄉神木村神木工作分站後方山坡上(對高岳營林區29林班地444號土地)
196,C0H9C0,合歡山,3402.0,南投縣,121.272547,24.143442,仁愛鄉(近合歡山三角點，由松雪樓開車約15分鐘，大甲溪事業區第81林班)
197,C0I010,廬山,1562.0,南投縣,121.181808,24.033311,仁愛鄉大同村仁和路21號(埔里-霧社收費站-盧山電力公司瞭望台)
198,C0I080,信義,536.0,南投縣,120.851036,23.689694,信義鄉自強村綠美巷(內茅埔營林區23林班地)
199,C0I090,鳳凰,910.0,南投縣,120.787347,23.728081,鹿谷鄉鳳凰鳥園旁
200,C0I110,竹山,161.0,南投縣,120.688156,23.761225,竹山鎮延和里向學街32號(竹山國民小學內)
201,C0I360,水里,300.0,南投縣,120.849792,23.812553,水里鄉中山路一段515號(玉山國家公園管理處)
202,C0I370,魚池,671.0,南投縣,120.94135,23.895703,魚池鄉東池村魚池街194號(魚池鄉衛生所)
203,C0I380,集集,258.0,南投縣,120.801467,23.828206,集集鎮民生東路1號(農委會特有生物研究保育中心)
204,C0I390,仁愛,1184.0,南投縣,121.132206,24.022122,仁愛鄉仁和路50號(台電公司仁愛服務所)
205,C0I410,名間,180.0,南投縣,120.701447,23.837053,名間鄉董門巷2號(名間鄉立體停車場)
206,C0I420,國姓,305.0,南投縣,120.855072,24.037803,國姓鄉民族街40號(國姓鄉老人文康活動中心)
207,C0I460,南投,110.0,南投縣,120.687331,23.911469,南投市龍泉里玉井街5號(南投市公所樓頂)
208,C0I480,梅峰,2165.0,南投縣,121.173572,24.085272,仁愛鄉大同村仁和路215號(梅峰農場)
209,C0I490,萬大林道,1601.0,南投縣,121.091411,23.928228,仁愛鄉曲冰段(萬大林道約7.2k附近高地)
210,C0I520,玉山風口,3860.0,南投縣,120.955994,23.470489,信義鄉(玉山主峰往北峰叉路空地附近)
211,C0I530,小奇萊,3014.0,南投縣,121.295717,24.131764,仁愛鄉小奇萊步道指標1.5K處附近
212,C0I540,奇萊稜線,3344.0,南投縣,121.326456,24.109231,仁愛鄉奇萊連峰指標6.4K處(奇萊山屋附近)
213,C0K240,草嶺,1132.0,雲林縣,120.693461,23.59555,古坑鄉草嶺村龍頭
214,C0K250,崙背,12.0,雲林縣,120.318925,23.75555,崙背鄉阿勸村阿勸農場(阿勸段487號)
215,C0K280,四湖,23.0,雲林縣,120.227125,23.630414,四湖鄉湖西村中正路766號(四湖國民中學內)
216,C0K291,宜梧,8.0,雲林縣,120.169329,23.536281,口湖鄉湖口村170號央廣口湖分台內(憲兵排樓頂)
217,C0K330,虎尾,38.0,雲林縣,120.442036,23.719183,虎尾鎮林森路一段64號(中正國民小學內)
218,C0K390,土庫,31.0,雲林縣,120.395574,23.679029,土庫鎮建國路41號(土庫消防分隊)
219,C0K400,斗六,65.0,雲林縣,120.541127,23.720583,斗六市鎮北路345-1號(斗六消防分隊)
220,C0K410,北港,20.0,雲林縣,120.292802,23.573957,北港鎮大同路565號(北港消防分隊)
221,C0K420,西螺,42.0,雲林縣,120.467394,23.800407,西螺鎮公正路211號(西螺消防分隊)
222,C0K430,褒忠,30.0,雲林縣,120.303634,23.690938,褒忠鄉中正路451號(褒忠鄉公所)
223,C0K440,二崙,35.0,雲林縣,120.408944,23.772797,二崙鄉中正路80號(二崙消防分隊)
224,C0K450,大埤,35.0,雲林縣,120.431537,23.646074,大埤鄉中山路8號(大埤鄉公所)
225,C0K460,斗南,60.0,雲林縣,120.478359,23.678734,斗南鎮延平路二段266號(斗南鎮停一立體停車場)
226,C0K470,林內,97.0,雲林縣,120.609642,23.748675,林內鄉中正路685號(林內消防分隊)
227,C0K480,莿桐,56.0,雲林縣,120.502372,23.761192,莿桐鄉和平路53號(莿桐鄉公所)
228,C0K500,元長,12.0,雲林縣,120.315024,23.64981,元長鄉長南村仁愛街2號(元長鄉公所)
229,C0K510,水林,10.0,雲林縣,120.24597,23.572924,水林鄉水北村水林路12號(水林鄉公所)
230,C0K520,雲林東勢,10.0,雲林縣,120.154778,23.674449,東勢鄉東南村所前街3號(東勢鄉公所)
231,C0K530,臺西,12.0,雲林縣,120.197559,23.701547,台西鄉中山路110巷38號(臺西消防分隊)
232,C0K550,蔦松,15.0,雲林縣,120.229736,23.514319,水林鄉松中村蔦松路213號(蔦松國小)
233,C0K560,棋山,117.0,雲林縣,120.603417,23.68645,古坑鄉棋盤村棋山49號(棋山國小)
234,C0K580,高鐵雲林,26.0,雲林縣,120.417944,23.737456,虎尾鎮站前東路301號(高鐵雲林站外)
235,C0M410,馬頭山,245.0,嘉義縣,120.582017,23.324361,大埔鄉永樂村1鄰內灣仔2號
236,C0M520,東後寮,15.0,嘉義縣,120.248065,23.369908,義竹鄉東光村7號(台糖東後寮農場)
237,C0M530,奮起湖,1385.0,嘉義縣,120.699253,23.493903,竹崎鄉阿里山事業區148林班地(中興苗圃內)
238,C0M640,中埔,155.0,嘉義縣,120.5229,23.42538,中埔鄉中埔村128號(中埔鄉公所)
239,C0M650,朴子,20.0,嘉義縣,120.23902,23.43463,朴子市竹村里36號(竹村國小)
240,C0M660,溪口,40.0,嘉義縣,120.403569,23.604131,溪口鄉中正東路103號(溪口國中學生活動中心)
241,C0M670,大林,43.0,嘉義縣,120.45841,23.600616,大林鎮新興街110號(大林地政事務所)
242,C0M680,太保,37.0,嘉義縣,120.331455,23.455062,太保市太保里31號(太保市圖書館)
243,C0M690,水上,33.0,嘉義縣,120.388909,23.419734,水上鄉三鎮村三鎮路119號(水上消防分隊)
244,C0M700,竹崎,150.0,嘉義縣,120.555508,23.526178,竹崎鄉竹崎村舊車站79號(竹崎消防分隊)
245,C0M710,東石,15.0,嘉義縣,120.15385,23.458927,東石鄉東石村3號(東石鄉公所)
246,C0M720,番路,225.0,嘉義縣,120.554156,23.464657,番路鄉下坑村蔡公店101號(番路鄉公所)
247,C0M730,嘉義市東區,40.0,嘉義市,120.460531,23.457673,親水路123 號(第五河川局水情中心)
248,C0M740,六腳,15.0,嘉義縣,120.290625,23.492871,六腳鄉蒜頭村73-2號(六腳消防分隊)
249,C0M750,布袋,10.0,嘉義縣,120.167789,23.380878,布袋鎮龍江里2-2號(布袋消防分隊)
250,C0M760,民雄,40.0,嘉義縣,120.428457,23.551754,民雄鄉文化路7號(民雄鄉公所)
251,C0M770,嘉義梅山,164.0,嘉義縣,120.555587,23.585398,梅山鄉中山路282號(梅山鄉公所)
252,C0M780,鹿草,30.0,嘉義縣,120.30835,23.41134,鹿草鄉西井村287號(鹿草鄉公所)
253,C0M790,新港,15.0,嘉義縣,120.345728,23.553269,新港鄉公園路28號(新港消防分隊)
254,C0M800,茶山,440.0,嘉義縣,120.664767,23.299075,阿里山鄉茶山路62號之1(茶山村衛生室)
255,C0M810,里佳,1354.0,嘉義縣,120.716647,23.389125,阿里山鄉里佳村
256,C0M820,達邦,980.0,嘉義縣,120.749517,23.453994,阿里山鄉達邦村21號(鄒族自然與文化中心)
257,C0M850,表湖,695.0,嘉義縣,120.64166,23.24186,大埔鄉溪頭段1地號
258,C0M860,新美,578.0,嘉義縣,120.683169,23.338017,嘉義縣阿里山鄉新美村78號
259,C0O810,曾文,161.0,臺南市,120.497328,23.219681,楠西區曾文新村(曾文水庫管理局內)
260,C0O830,北寮,127.0,臺南市,120.495008,23.079561,南化區北寮里48-4號
261,C0O840,王爺宮,134.0,臺南市,120.40085,23.222064,六甲區王爺里24號（六甲國小湖東分校）
262,C0O860,大內,38.0,臺南市,120.36083,23.11885,大內區74201大內里63號(大內國民小學)
263,C0O900,善化,9.0,臺南市,120.297219,23.112883,善化區益民寮60號(亞洲蔬菜研究發展中心內)
264,C0O930,玉井,69.0,臺南市,120.46055,23.126042,玉井區台灣糖業公司玉井糖廠
265,C0O950,安南,4.0,臺南市,120.144861,23.076694,安南區公學路6段589號(學東國民小學內)
266,C0O960,崎頂,112.0,臺南市,120.369317,22.959547,龍崎區中坑里5鄰13號
267,C0O970,虎頭埤,71.0,臺南市,120.347878,23.021375,新化區口埤18號(新化分場)
268,C0O980,新市,18.0,臺南市,120.298197,23.061614,新市區永就里53號(番子寮農場)
269,C0O990,媽廟,18.0,臺南市,120.293525,22.99175,歸仁區中正北路3段60號(保西國民小學內)
270,C0R100,尾寮山,1006.0,屏東縣,120.683889,22.833111,三地門鄉口社檢查站車程約2小時(尾寮山瞭望台旁)
271,C0R130,阿禮,1040.0,屏東縣,120.743678,22.742908,霧台鄉(屏東事業區第46林班)由山地文化村開車約2小時需徒步轉波站前面
272,C0R140,瑪家,740.0,屏東縣,120.686639,22.682903,瑪家鄉瑪家村4鄰24號(後山)
273,C0R150,三地門,105.0,屏東縣,120.639944,22.709889,內埔鄉水門村成功路83號(國立內埔高級農工職業學校內)
274,C0R160,鹽埔,45.0,屏東縣,120.530778,22.739558,屏東縣鹽埔鄉七份路21號(彭厝國小)
275,C0R170,屏東,26.0,屏東縣,120.494072,22.660269,屏東市復興路245號(台灣糖業公司屏東區處場區內)
276,C0R190,赤山,32.0,屏東縣,120.614306,22.592333,萬巒鄉建興路40號（赤山國小）
277,C0R220,潮州,23.0,屏東縣,120.54,22.534361,潮州鎮光春路290號(屏東縣立光春國民中學內)
278,C0R240,來義,87.0,屏東縣,120.625111,22.527306,萬巒鄉新隆路64號萬巒農場（佳佐段180號）
279,C0R260,春日,76.0,屏東縣,120.628306,22.370361,春日鄉鄉公所資源回收場旁
280,C0R270,琉球嶼,51.0,屏東縣,120.362236,22.332244,琉球鄉天台段596及597地號
281,C0R280,檳榔,242.0,屏東縣,120.836777,22.076078,滿州鄉長樂村大公路14號(往南仁山方向)
282,C0R320,車城,7.0,屏東縣,120.716073,22.074033,車城鄉福興村中山路66號(車城國小)
283,C0R341,牡丹,230.0,屏東縣,120.792639,22.130036,199縣道23K-23.5K間車城往旭海方向之右側
284,C0R350,貓鼻頭,35.0,屏東縣,120.7358,21.921774,恆春鎮(貓鼻頭風景區內)
285,C0R440,大漢山,1654.0,屏東縣,120.753181,22.405264,春日鄉大漢山頂
286,C0R470,高樹,103.0,屏東縣,120.600806,22.826389,高樹鄉興中路330號(高樹圖書館)
287,C0R480,長治,57.0,屏東縣,120.542622,22.693128,長治鄉德成村中興路572-1號(長治消防分隊)
288,C0R490,九如,49.0,屏東縣,120.490503,22.7405,九如鄉九如路二段416號(九如鄉公所)
289,C0R510,萬丹,31.0,屏東縣,120.490394,22.587775,萬丹鄉萬安村和平東路69號(萬丹消防分隊)
290,C0R520,崁頂,18.0,屏東縣,120.506914,22.514781,崁頂鄉崁頂村興農路29-10號(崁頂消防分隊)
291,C0R530,林邊,16.0,屏東縣,120.509983,22.430836,林邊鄉光林村和平路45號(林邊鄉衛生所)
292,C0R540,佳冬,17.0,屏東縣,120.552375,22.419456,佳冬鄉佳昌路2號(佳冬鄉公所)
293,C0R550,新埤,38.0,屏東縣,120.582894,22.467947,新埤鄉民眾路103號(新埤消防分隊)
294,C0R560,新園,22.0,屏東縣,120.461558,22.5434,新園鄉仙吉村店口路116號(新園消防分隊)
295,C0R570,麟洛,37.0,屏東縣,120.52719,22.65078,麟洛鄉中山路158號(麟洛鄉公所)
296,C0R580,南州,10.0,屏東縣,120.50274,22.48591,南州鄉溪南村人和路241號(南州消防分隊)
297,C0R590,里港,72.0,屏東縣,120.49459,22.77919,里港鄉永春村中山路104號(里港鄉公所)
298,C0R600,舊泰武,766.0,屏東縣,120.664944,22.588194,泰武鄉泰武村良武巷101號(舊泰武村老人活動中心)
299,C0R620,墾雷,34.0,屏東縣,120.855269,21.900836,恆春鎮燈塔路51巷33號(氣象局墾丁雷達站區內)
300,C0R640,東港,21.0,屏東縣,120.44074,22.46247,東港鎮豐漁里豐漁街67號（水產試驗所東港生技研究中心）
301,C0R650,竹田,29.0,屏東縣,120.54344,22.58486,竹田鄉中正路123號(竹田鄉公所清潔隊)
302,C0R660,枋寮,20.0,屏東縣,120.590647,22.367722,枋寮鄉枋寮村德興路197號(枋寮國小)
303,C0R670,楓港,26.0,屏東縣,120.692156,22.190131,枋山鄉善餘村光復路24號(楓港國小)
304,C0R680,佳樂水,13.0,屏東縣,120.861633,21.993578,滿州鄉佳樂水風景區內
305,C0R690,墾丁,348.0,屏東縣,120.810269,21.966756,恆春鎮墾丁森林遊樂區林業試驗所觀測坪
306,C0R700,枋山,19.0,屏東縣,120.661086,22.246844,枋山鄉中山路三段52號(加祿國小)
307,C0R710,龍磐,117.0,屏東縣,120.838942,21.931672,屏東縣恆春助航台(NDB歸航台)
308,C0R720,旭海,214.0,屏東縣,120.887614,22.205403,牡丹鄉旭海大草原步道旁
309,C0R730,大坪頂,163.0,屏東縣,120.69355,22.024633,屏東縣恆春鎮大坪頂電信機房旁
310,C0R740,獅子,58.0,屏東縣,120.70525,22.201569,屏東縣獅子鄉楓林村2巷26號
311,C0R750,四林格山,551.0,屏東縣,120.802439,22.076989,屏東縣牡丹鄉四林格山遊樂區第2涼亭旁大草原
312,C0R760,南仁湖,336.0,屏東縣,120.863353,22.084681,屏東縣滿州鄉南仁湖步道4K山頂觀測站旁
313,C0R770,保力,93.0,屏東縣,120.764111,22.071122,屏東縣車城鄉保力村竹社路5號
314,C0R780,滿州,72.0,屏東縣,120.839892,22.024403,屏東縣滿州鄉文化路32號
315,C0R790,九棚,111.0,屏東縣,120.889281,22.14195,屏東縣牡丹鄉九棚中科院基地
316,C0R800,丹路,131.0,屏東縣,120.750989,22.204481,屏東縣獅子鄉丹路一巷1號
317,C0R810,內獅,25.0,屏東縣,120.642986,22.305064,獅子鄉內獅村1號(內獅國小)
318,C0R820,白鷺,588.0,屏東縣,120.666219,22.454275,屏東縣來義鄉白鷺大橋沿白鷺道路5.5公里處
319,C0R830,高士,383.0,屏東縣,120.836781,22.121825,屏東縣牡丹鄉高士社區進水廠水塔頂
320,C0R840,牡丹池山,536.0,屏東縣,120.841225,22.168389,屏東縣牡丹鄉牡丹池山山頂
321,C0S660,下馬,794.0,臺東縣,121.070312,23.150427,海端鄉廢棄下馬派出所旁
322,C0S690,太麻里,522.0,臺東縣,120.98533,22.60902,太麻里鄉(往金針山茶區之半路上)
323,C0S700,知本,507.0,臺東縣,121.005642,22.684866,卑南鄉溫泉村(溫泉國小之樂山分校內)
324,C0S710,鹿野,382.0,臺東縣,121.122994,22.917711,鹿野鄉鹿野高台高眺亭公廁東側草地上
325,C0S730,綠島,110.0,臺東縣,121.47533,22.6672,綠島鄉
326,C0S740,池上,289.0,臺東縣,121.209469,23.119628,池上鄉新興村104號(退輔會臺東農場內)
327,C0S750,向陽,2280.0,臺東縣,120.986133,23.248397,海端鄉向陽(公路局向陽工務段圍牆內)
328,C0S760,紅石,1621.0,臺東縣,121.126219,23.069131,海端鄉紅石(紅石瞭望臺旁)
329,C0S770,大溪山,375.0,臺東縣,120.943325,22.478475,太麻里鄉多良村(廢棄中華電信轉播站旁)
330,C0S790,金崙,236.0,臺東縣,120.966875,22.538122,太麻里鄉金崙段0304-1地號
331,C0S810,東河,65.0,臺東縣,121.303986,22.972672,東河鄉北東河17鄰26號(東河國民小學操場旁)
332,C0S830,長濱,288.0,臺東縣,121.411975,23.286817,長濱鄉竹湖村移民橋後方山頂三角點旁
333,C0S840,南田,22.0,臺東縣,120.889208,22.279725,達仁鄉南田村南田風景區公園對面
334,C0S890,關山,238.0,臺東縣,121.175017,23.0395,關山鎮親水公園內
335,C0S900,蘭嶼高中,27.0,臺東縣,121.51214,22.04909,蘭嶼鄉椰油村37號（蘭嶼高中內）
336,C0S910,蘭嶼燈塔,212.0,臺東縣,121.503117,22.081197,蘭嶼鄉椰油段1-7地號（蘭嶼燈塔旁）
337,C0S920,金峰嘉蘭,133.0,臺東縣,120.960903,22.598758,金峰鄉嘉蘭村12鄰665號(金峰鄉嘉蘭村活動中心)
338,C0S930,延平,248.0,臺東縣,121.084058,22.902581,臺東縣延平鄉昇平路75號(延平消防分隊)
339,C0S940,石寧山,150.0,臺東縣,121.406639,23.223772,長濱鄉寧埔村石寧山附近山區
340,C0S950,七塊厝,415.0,臺東縣,121.229922,22.954453,東河鄉尚德村七塊厝產業道路附近山區
341,C0S960,香蘭,32.0,臺東縣,120.993375,22.587569,太麻里鄉香蘭村四鄰28號 (香蘭國小)
342,C0S970,加津林,19.0,臺東縣,120.926942,22.416211,大武鄉大竹村14鄰加津林4號(舊高溪派出所)
343,C0S980,勝林山,903.0,臺東縣,120.8938,22.430439,達仁鄉勝林山山頂停機坪旁(與大武鄉交界附近)
344,C0S990,山豬窟,409.0,臺東縣,120.857372,22.318619,大武鄉南興村山豬窟產業道路附近山區(梅園涼亭旁)
345,C0SA00,歷坵,466.0,臺東縣,120.89185,22.520969,金峰鄉歷坵產業道路附近山區
346,C0SA10,檳榔四格山,411.0,臺東縣,121.109308,22.810031,卑南鄉檳榔四格山山頂瞭望臺旁
347,C0SA20,金崙山,857.0,臺東縣,120.959667,22.567419,太麻里鄉富山產業道路附近山區(與金峰鄉交界附近)
348,C0SA30,都歷,93.0,臺東縣,121.323642,23.020333,成功鎮新村路25號(東部海岸國家風景區管理處)
349,C0SA40,瑞和,200.0,臺東縣,121.156697,22.974361,鹿野鄉瑞和村瑞景路3段1號(瑞源國中)
350,C0SA60,知本（水試所）,11.0,臺東縣,121.082761,22.702394,臺東縣臺東市知本路2段291巷299號
351,C0SA80,土坂,136.0,臺東縣,120.887488,22.452922,達仁鄉土坂村1鄰10號(土坂國民小學操場旁)
352,C0SA90,達仁林場,497.0,臺東縣,120.823972,22.264347,臺東縣達仁鄉臺東達五號農路4K處
353,C0T790,大禹嶺,2830.0,花蓮縣,121.316086,24.186117,秀林鄉立霧溪事業區67林班地(救國團大禹山莊)
354,C0T820,天祥,550.0,花蓮縣,121.495639,24.179597,秀林鄉立霧溪事業區80林班地(天祥祥德寺)
355,C0T870,鯉魚潭,135.0,花蓮縣,121.508944,23.935639,壽豐鄉池南村池南路一段8號(鯉魚潭風景區旁)
356,C0T900,西林,160.0,花蓮縣,121.441458,23.8119,萬榮鄉西林路8鄰114號(西林國民小學運動場旁)
357,C0T960,光復,120.0,花蓮縣,121.424964,23.660694,光復鄉大進村糖廠街19號(台糖公司花蓮光復糖廠內)
358,C0T9A0,月眉山,498.0,花蓮縣,121.539828,23.809928,壽豐鄉月眉山旁的小山丘上(過米棧大橋往山上水璉方向至四號橋左轉之山上)
359,C0T9B0,水源,558.0,花蓮縣,121.537169,23.991861,秀林鄉原林務局水源段的苗圃內
360,C0T9D0,和中,8.0,花蓮縣,121.74103,24.26676,秀林鄉秀林村62號(和平國小和中分校校園內)
361,C0T9E0,大坑,415.0,花蓮縣,121.581981,23.880628,壽豐鄉10鄰山嶺80之1號(中華電信公司賀田山機房)旁
362,C0T9F0,水璉,251.0,花蓮縣,121.542514,23.797131,壽豐鄉水璉村
363,C0T9G0,鳳林山,605.0,花蓮縣,121.420131,23.735269,鳳林鎮
364,C0T9H0,加路蘭山,725.0,花蓮縣,121.5274,23.682947,豐濱鄉臨海段776-4號
365,C0T9I0,豐濱,152.0,花蓮縣,121.514806,23.583897,豐濱鄉豐濱村
366,C0T9M0,靜浦,92.0,花蓮縣,121.495028,23.455167,豐濱鄉靜浦村活動中心後山上
367,C0T9N0,富里,261.0,花蓮縣,121.249378,23.171639,富里鄉永安街52號(富里國小)
368,C0U520,雙連埤,517.0,宜蘭縣,121.641303,24.753033,員山鄉雙連埤地區(需徒步20分鐘)
369,C0U600,礁溪,10.0,宜蘭縣,121.765536,24.817544,礁溪鄉礁溪路四段23號(礁溪國民中學教室後宿舍旁)
370,C0U650,玉蘭,442.0,宜蘭縣,121.587061,24.675286,大同鄉松羅村鹿場路11號(往松羅山頂瞭望亭旁)
371,C0U710,太平山,1942.0,宜蘭縣,121.525656,24.505486,大同鄉太平山93林班地(林務局路標22.3k處)
372,C0U720,南山,1260.0,宜蘭縣,121.38167,24.43742,大同鄉南山村4鄰埤南巷31-3號(南山國民小學內)
373,C0U750,龜山島,398.0,宜蘭縣,121.953133,24.841667,頭城鎮龜山島山頂401高地觀景台
374,C0U760,東澳,22.0,宜蘭縣,121.83318,24.52196,南澳鄉東岳村蘇花路三段209號(東澳國小校園內)
375,C0U770,南澳,5.0,宜蘭縣,121.81022,24.44935,南澳鄉中央氣象局地震中心系統維護課之南澳地震站
376,C0U780,五結,15.0,宜蘭縣,121.79794,24.68637,五結鄉五結中路二段88號(五結國小)
377,C0U860,頭城,5.0,宜蘭縣,121.8308,24.85323,頭城鎮協天路468號(中華電信頭城海纜站內)
378,C0U870,大礁溪,474.0,宜蘭縣,121.67505,24.79104,礁溪鄉二結村一鄰9-1號(國立宜蘭大學實驗林場)
379,C0U890,三星,116.0,宜蘭縣,121.65302,24.66812,三星鄉月眉街54號(三星國中)
380,C0U900,內城,63.0,宜蘭縣,121.68766,24.71813,員山鄉內城路545號(內城國民中小學)
381,C0U910,冬山,17.0,宜蘭縣,121.7937,24.63373,冬山鄉冬山路98-5號(冬山消防分隊)
382,C0U940,羅東,25.0,宜蘭縣,121.74934,24.68184,羅東鎮羅東運動公園南側(北成路二段停車場旁自行車道入口)
383,C0U950,鶯子嶺,1012.0,宜蘭縣,121.79244,24.89754,頭城鎮鶯子嶺通信站區內
384,C0U960,翠峰湖,1885.0,宜蘭縣,121.608044,24.510856,大同鄉太平山翠峰湖停車場木棧道旁
385,C0U970,大福,7.0,宜蘭縣,121.81389,24.80064,壯圍鄉大福路一段62巷26號(大福國小)
386,C0U980,坪林石牌,573.0,宜蘭縣,121.77396,24.86478,頭城鎮與新北市坪林區交界附近之國有林班地(位於坪林石牌附近山區)
387,C0U990,員山,31.0,宜蘭縣,121.72247,24.74435,員山鄉員山村復興路39號(員山國小)
388,C0UA00,土場,392.0,宜蘭縣,121.495333,24.576533,大同鄉土場
389,C0UA10,鴛鴦湖,1711.0,宜蘭縣,121.412228,24.590269,大同鄉100線林道約15K(太平山事業區32林班內，鴛鴦湖工作站旁空地)
390,C0UA20,多加屯,2619.0,宜蘭縣,121.373189,24.368614,大同鄉南湖大山指標8.4K處(多加屯避難山屋附近)
391,C0UA30,白嶺,1397.0,宜蘭縣,121.519031,24.527819,大同鄉太平山白嶺苗圃內
392,C0UA40,西德山,1121.0,宜蘭縣,121.752608,24.560647,南澳鄉安平坑林道(力霸產業道路)附近山區(南澳事業區28林班內)
393,C0UA50,西帽山,808.0,宜蘭縣,121.802628,24.555361,南澳鄉台泥大白山運石道附近山區(羅東事業區96林班內)
394,C0UA60,樟樹山,566.0,宜蘭縣,121.78325,24.41393,南澳鄉武塔村樟樹山附近山區
395,C0UA70,桃源谷,547.0,宜蘭縣,121.888875,24.962606,頭城鎮及新北市貢寮區交界之桃源谷附近空地
396,C0UA80,大溪漁港,10.0,宜蘭縣,121.902955,24.941801,頭城鎮大溪里濱海路5段492號(大溪安檢所樓頂)
397,C0UA90,石城,5.0,宜蘭縣,121.951214,24.980444,頭城鎮石城路85號(石城執檢站樓頂)
398,C0UB00,淡江大學蘭陽校園,379.0,宜蘭縣,121.730383,24.823239,礁溪鄉林尾路180號（淡江大學蘭陽校園內）
399,C0V210,復興,734.0,高雄市,120.806089,23.222403,桃源區復興里復興巷1鄰15號
400,C0V250,甲仙,298.0,高雄市,120.591758,23.080106,甲仙區(甲仙國民中學操場後方小山丘上)
401,C0V260,月眉,126.0,高雄市,120.539853,22.971003,杉林區月眉里山仙路1號月眉農場
402,C0V310,美濃,46.0,高雄市,120.519153,22.898742,美濃區福安里中山路二段204巷65號(美濃區福安國小後方)
403,C0V350,溪埔,36.0,高雄市,120.446797,22.738578,大樹區溪埔里之台29線近83K處
404,C0V360,內門,94.0,高雄市,120.466769,22.975481,內門區木柵里木柵3號（木柵國民小學）
405,C0V370,古亭坑,74.0,高雄市,120.401947,22.893178,田寮區古亭里
406,C0V400,阿公店,56.0,高雄市,120.355528,22.804194,燕巢區西燕里工程路1號（阿公店水庫內）
407,C0V440,鳳山,27.0,高雄市,120.356122,22.646653,鳳山區文山路園藝巷4號（鳳山熱帶園藝試驗分所）
408,C0V450,鳳森,51.0,高雄市,120.392592,22.545064,小港區水庫段96-1地號（鳳山給水廠內）
409,C0V490,新興,20.0,高雄市,120.298803,22.627422,新興區大同一路231號(大同國小內5樓頂)
410,C0V500,旗津,6.0,高雄市,120.285944,22.5886,旗津區中洲二路207號(旗津國中校園內)
411,C0V530,阿蓮,34.0,高雄市,120.327508,22.883208,阿蓮區阿蓮里民生路94號(阿蓮區公所)
412,C0V610,梓官,22.0,高雄市,120.267211,22.760558,梓官區梓官路258號(梓官區公所)
413,C0V620,永安,18.0,高雄市,120.236856,22.82315,永安區永安路32號(永安消防分隊)
414,C0V630,茄萣,19.0,高雄市,120.182608,22.906642,茄萣區濱海路四段27號(茄萣區公所)
415,C0V640,湖內,35.0,高雄市,120.2445,22.887139,湖內區中山路一段290之1號(湖街派出所)
416,C0V650,彌陀,28.0,高雄市,120.246361,22.783806,彌陀區中正北路7號(彌陀消防分隊)
417,C0V660,岡山,25.0,高雄市,120.294958,22.797078,岡山區岡山路341號(岡山地政事務所)
418,C0V670,楠梓,20.0,高雄市,120.286,22.71975,楠梓區德民路1010號(國昌國民中學)
419,C0V680,仁武,40.0,高雄市,120.347722,22.701083,仁武區中正路133號(仁武區公所)
420,C0V690,鼓山,30.0,高雄市,120.275575,22.623325,鼓山區臨海一路61-1號(鼓山消防分隊)
421,C0V700,三民,24.0,高雄市,120.311233,22.645017,三民區十全一路88號(十全消防分隊)
422,C0V710,苓雅,34.0,高雄市,120.330669,22.622742,苓雅區三多一路162號(苓雅消防分隊)
423,C0V720,林園,15.0,高雄市,120.394511,22.507747,林園區林園北路179號(林園區公所)
424,C0V730,大寮,33.0,高雄市,120.395717,22.605614,大寮區鳳林三路492號(大寮區公所)
425,C0V740,旗山,60.0,高雄市,120.483597,22.888614,旗山區延平一路499號(旗山區公所)
426,C0V750,路竹,50.0,高雄市,120.259439,22.854997,路竹區國昌路76號(路竹區公所)
427,C0V760,橋頭,30.0,高雄市,120.30575,22.757806,橋頭區隆豐路1號(橋頭區公所)
428,C0V770,大社,26.0,高雄市,120.346639,22.730306,大社區自強街1號(大社區公所)
429,C0V790,萬山,410.0,高雄市,120.688056,22.905944,茂林區萬山段710地號
430,C0V800,六龜,256.0,高雄市,120.633583,22.997889,六龜區民治路9號(六龜消防隊)
431,C0V810,左營,32.0,高雄市,120.28491,22.67491,左營區左營大路1號(高雄市立海青高級工商職業學校資訊大樓樓頂)
432,C0V820,小林,441.0,高雄市,120.63325,23.148408,甲仙區五里路24-2號（小林國小）
433,C0W110,東莒,16.0,連江縣,119.98069,25.9652,莒光鄉福正村1號(福正抽水機房，莒光遊客中心後方)
434,C0W120,西嶼,58.0,澎湖縣,119.468436,23.5626,西嶼鄉195號(西嶼燈塔西方)
435,C0W130,花嶼,18.0,澎湖縣,119.32276,23.40007,望安鄉花嶼村2號(花嶼國民小學)
436,C0W140,金沙,21.0,金門縣,118.408778,24.488292,金沙鎮環島北路四段465號(金門縣自來水廠榮湖淨水場)
437,C0W150,金寧,42.0,金門縣,118.328989,24.457703,金寧鄉頂林路315號(金門縣消防局)
438,C0W160,烏坵,49.0,金門縣,119.44956,24.9944,烏坵鄉
439,C0X050,東河,25.0,臺南市,120.385608,23.296598,東山區東河里54號(東河水利工作站)
440,C0X060,下營,19.0,臺南市,120.256261,23.22695,下營區仁里里下營國小附近
441,C0X080,佳里,2.0,臺南市,120.145086,23.173039,佳里區西方之埔尾，近七股區之篤加
442,C0X100,臺南市北區,10.0,臺南市,120.194228,23.010394,北區文賢路678號(和緯消防分隊)
443,C0X110,臺南市南區,20.0,臺南市,120.188378,22.961189,南區明興路2號(南區區公所)
444,C0X120,麻豆,28.0,臺南市,120.248611,23.183289,麻豆區興國路9號(麻豆消防分隊5樓頂)
445,C0X130,官田,27.0,臺南市,120.315422,23.193217,官田區中山路一段132號(官田區公所)
446,C0X140,西港,17.0,臺南市,120.203108,23.125608,西港區中山路450號(西港消防分隊4樓頂)
447,C0X150,安定,18.0,臺南市,120.227839,23.102614,安定區南安里33-11號(安定消防分隊)
448,C0X160,仁德,26.0,臺南市,120.257689,22.968258,仁德區仁義路432號(仁德消防分隊)
449,C0X170,關廟,50.0,臺南市,120.327797,22.963017,關廟區中正路998號(關廟區公所3樓頂)
450,C0X180,山上,62.0,臺南市,120.363253,23.0757,山上區豐德里隙子口5之1號(中油豐德供油中心2樓頂)
451,C0X190,安平,10.0,臺南市,120.152181,22.993161,安平區城平路2號(台江國家公園管理處)
452,C0X200,左鎮,61.0,臺南市,120.408522,23.056758,左鎮區中正里171號之4(左鎮區公所)
453,C0X210,白河,38.0,臺南市,120.414427,23.347466,白河區中山路6號(白河消防分隊)
454,C0X220,學甲,26.0,臺南市,120.182187,23.230367,學甲區華宗路313號(學甲區公所)
455,C0X230,鹽水,29.0,臺南市,120.247641,23.272621,鹽水區竹埔里1號(竹埔派出所)
456,C0X240,關子嶺,394.0,臺南市,120.508025,23.331169,白河區關嶺里94-3號(仙草國小關嶺分校)
457,C0X250,新營,33.0,臺南市,120.316698,23.310712,新營區中正路30號(南瀛親子館)
458,C0X260,後壁,39.0,臺南市,120.362326,23.366358,後壁區後壁里129號(後壁圖書館)
459,C0X280,將軍,22.0,臺南市,120.13577,23.214999,將軍區將貴里58號(將軍國小)
460,C0X290,北門,10.0,臺南市,120.125481,23.267772,北門區北門里舊埕108號(北門區公所)
461,C0X300,鹿寮,70.0,臺南市,120.477331,23.386047,白河區崎內里12號(鹿寮水庫)
462,C0X310,七股,9.0,臺南市,120.086253,23.147289,七股區鹽埕237-11號(氣象局七股雷達站區內)
463,C0X320,柳營,30.0,臺南市,120.375253,23.253328,臺南市柳營區國道3號北上324.7K處
464,C0Z020,明里,211.0,花蓮縣,121.262342,23.208717,富里鄉明里村明里社區後方山上
465,C0Z050,佳心,824.0,花蓮縣,121.21316,23.34567,卓溪鄉佳心(玉山國家公園內，距花蓮卓溪鄉南安遊客步行2.5時之日據時代派出所舊址)
466,C0Z061,玉里,174.0,花蓮縣,121.339656,23.3215,玉里鎮樂合里新民41號(樂合國小)
467,C0Z070,舞鶴,247.0,花蓮縣,121.37407,23.46811,瑞穗鄉舞鶴村加納納山三角點旁
468,C0Z080,富源,298.0,花蓮縣,121.378225,23.587642,光復鄉大豐村9鄰265號(富源國中對面之半山腰上)
469,C0Z100,東華,36.0,花蓮縣,121.549833,23.89525,壽豐鄉大學路二段1號（國立東華大學）
470,C0Z150,吉安光華,27.0,花蓮縣,121.595153,23.930925,吉安鄉南濱路一段531號(水資源回收中心)
471,C0Z160,鳳林,124.0,花蓮縣,121.453411,23.746114,鳳林鎮信義路200號(鳳林地政事務所)
472,C0Z170,卓溪,199.0,花蓮縣,121.3033,23.34425,卓溪鄉卓溪村中正路65-5號(卓溪鄉立圖書館)
473,C0Z180,新城,34.0,花蓮縣,121.60454,24.03946,新城鄉大漢村光復路570號(新城鄉公所)
474,C0Z190,富世,62.0,花蓮縣,121.6297,24.14743,秀林鄉富世村127號(富世國小校園內)
475,C0Z200,萬榮,153.0,花蓮縣,121.420106,23.709219,鳳林鎮長橋里長橋路2號(長橋國小)
476,C0Z210,瑞穗,126.0,花蓮縣,121.39021,23.5239,瑞穗鄉鶴岡村167號(鶴岡國小)
477,C0Z220,和平林道,589.0,花蓮縣,121.656317,24.343922,秀林鄉臺電公司東部發電廠碧海機組廠區內(進入管制哨約7公里處)
478,C0Z230,和平,31.0,花蓮縣,121.77007,24.30717,秀林鄉克來寶段399地號(和平工業港安檢所綠洲分隊)
479,C0Z250,瑞穗林道,1124.0,花蓮縣,121.30688,23.49284,卓溪鄉瑞穗林道約7.5K瑞欣礦區下方空地
480,C0Z270,蕃薯寮,343.0,花蓮縣,121.540108,23.73835,壽豐鄉水璉村蕃薯寮附近山區道路旁(牛山段607地號內)
481,C0Z280,德武,224.0,花蓮縣,121.41071,23.47426,玉里鎮德武里附近山區道路旁(德武段680地號內)
482,C0Z290,赤柯山,946.0,花蓮縣,121.38293,23.36893,玉里鎮赤柯山段338地號
483,C0Z300,東里,182.0,花蓮縣,121.30547,23.26853,富里鄉東里村大莊路52號(東里消防分隊)
484,C0Z310,清水斷崖,59.0,花蓮縣,121.689142,24.218294,秀林鄉臺9線大清水遊憩區下方空地
485,C0Z320,清水林道,646.0,花蓮縣,121.188272,23.27125,卓溪鄉清水林道北側山區(新生段1地號)
486,C0Z330,安通山,488.0,花蓮縣,121.348528,23.290728,玉里鎮安通產業道路附近山區
487,C1A630,下盆,527.0,新北市,121.538622,24.771003,烏來區東勢溪中游(步行一小時)
488,C1A750,石碇服務區,92.0,新北市,121.646242,25.00872,新北市石碇區文山路一段2號
489,C1A760,坪林交控,217.0,新北市,121.713442,24.94284,新北市坪林區坪雙路一段52號
490,C1A9N0,四十份,435.0,新北市,121.593283,24.934158,新店區北宜路旁(文山事業區第四林班)
491,C1AC50,關渡,111.0,臺北市,121.469331,25.133486,北投區學園路2號(臺北城市科技大學校園內5樓頂)
492,C1AI50,國三N016K,64.0,臺北市,121.619664,25.034164,國道3號北向16.51K
493,C1AI60,國一N039K,181.0,新北市,121.383836,25.064361,國道1號北向39.32K
494,C1C510,水尾,106.0,桃園市,121.087161,24.940081,楊梅區豐野里1鄰151號(富崗水尾工作站內)
495,C1D380,新埔,65.0,新竹縣,121.03834,24.84745,新埔鎮下寮里43號義民廟右方路旁
496,C1D400,鳥嘴山,839.0,新竹縣,121.28387,24.71909,尖石鄉新樂村復興礦場
497,C1D410,白蘭,1290.0,新竹縣,121.079947,24.579364,五峰鄉桃山村
498,C1D420,太閣南,1279.0,新竹縣,121.160575,24.632808,五峰鄉羅山工作站後方山頂羅山瞭望台旁
499,C1D630,飛鳳山,462.0,新竹縣,121.119178,24.766464,芎林鄉王爺坑段83-7號地
500,C1D640,外坪(五指山),718.0,新竹縣,121.090961,24.644447,北埔鄉大坪段內大坪小段36-54號地
501,C1E451,象鼻,950.0,苗栗縣,120.940228,24.368617,泰安鄉象鼻村
502,C1E461,松安,1325.0,苗栗縣,120.986022,24.397972,泰安鄉雪霸國家公園二本松解說站旁
503,C1E480,鳳美,576.0,苗栗縣,121.034747,24.554803,南庄鄉東河村24鄰石門1號(南庄往鹿場途中)
504,C1E511,新開,326.0,苗栗縣,120.827019,24.347703,大湖鄉新開村新開4鄰20號旁
505,C1E601,南勢,125.0,苗栗縣,120.734842,24.572486,後龍鎮南港里南勢山
506,C1E670,南礦,1209.0,苗栗縣,121.002836,24.538278,南庄鄉蓬萊林道末端(南庄事業區18林班地)
507,C1E681,南勢山,977.0,苗栗縣,120.923831,24.421669,泰安鄉大興村(從泰安國小進入站址車程約10分鐘)
508,C1E691,南湖,786.0,苗栗縣,120.837533,24.40135,大湖鄉(位於南湖台3線135k處之吊樑道山上)
509,C1E701,八卦,737.0,苗栗縣,120.927619,24.491756,泰安鄉(與八卦派出所相距約1.2k處)
510,C1E711,馬拉邦山,990.0,苗栗縣,120.901656,24.367306,大湖鄉東興村(馬拉邦山登山口)
511,C1E721,泰安,1409.0,苗栗縣,120.968036,24.489017,泰安鄉橫龍古道上(走路約5分鐘)之大湖事業區18林班地
512,C1E770,公館,83.0,苗栗縣,120.830806,24.526914,公館鄉鶴岡村178號(鶴岡國中)
513,C1E890,國三N149K,53.0,苗栗縣,120.680019,24.463414,國道3號北向149K
514,C1E900,國一N128K,80.0,苗栗縣,120.844186,24.560997,國道1號北向128K
515,C1F871,上谷關,1000.0,臺中市,121.018644,24.203483,和平區(博愛國小谷關分校附近)
516,C1F891,稍來,2205.0,臺中市,121.001142,24.265689,和平區八仙山事業區49林班地船型山苗圃廢棄觀測坪附近
517,C1F911,新伯公,417.0,臺中市,120.841069,24.221361,東勢區詒福段163地號(台電公司門前右前方)
518,C1F941,雪嶺,2620.0,臺中市,121.026642,24.280586,和平區雪嶺地區八仙山事業區60林班地小雪山莊後方水塔後山頂
519,C1F9B1,桐林,130.0,臺中市,120.735194,24.066172,霧峰區桐林里民生路(桐林國小斜對面)
520,C1F9C1,白冷,610.0,臺中市,120.929889,24.182844,和平區天輪里天輪巷42號(臺中市和平區白冷國民小學校園內)
521,C1F9D1,白毛台,639.0,臺中市,120.886933,24.158325,新社區福興里福民路13號旁
522,C1F9E1,龍安,563.0,臺中市,120.831961,24.1605,新社區中和里內(距龍安橋約1.2k處)
523,C1F9F1,伯公龍,500.0,臺中市,120.849047,24.272392,東勢區勢林街(宏覺寺旁)
524,C1F9G1,慶福山,810.0,臺中市,120.848378,24.180853,東勢區(台8線10.5k往馬鞍農場方向.車程約半小時)
525,C1F9J1,清水林,723.0,臺中市,120.820419,24.071242,太平區136縣道9.5k處旁約500公尺
526,C1F9W0,德基,1970.0,臺中市,121.190261,24.254783,和平區台8甲線69-70k處，彎入勝利路接翠巒產業道路約6.2km，路邊白色水塔旁
527,C1G691,下水埔,110.0,彰化縣,120.5676,23.816114,溪州鄉大莊國小(大庄村中橫巷1號)
528,C1G9D0,國一S218K,30.0,彰化縣,120.493253,23.890641,國道1號南向218.3K
529,C1H000,翠峰,2454.0,南投縣,121.205211,24.109397,仁愛鄉翠峰段30地號東側旁(臺14甲線19-19.5k處的長途通信機房旁)
530,C1H840,國三N238K,231.0,南投縣,120.707711,23.841008,國道3號北向238.2K
531,C1H860,瑞岩,1840.0,南投縣,121.18345,24.123772,仁愛鄉
532,C1H900,清流,934.0,南投縣,120.962997,24.080775,仁愛鄉互助村
533,C1H920,長豐,736.0,南投縣,120.879897,24.102039,國姓鄉長豐村東二巷71號(仙徠山莊內)
534,C1H941,雙冬,630.0,南投縣,120.802189,23.967378,草屯鎮雙冬里
535,C1H971,六分寮,428.0,南投縣,120.6378,23.92507,南投市鳳鳴里八卦路831號(南投縣政府消防局第一大隊鳳鳴分隊)
536,C1H9B1,阿眉,1710.0,南投縣,120.994672,24.1263,仁愛鄉(水利局雨量站旁)
537,C1I020,萬大,1120.0,南投縣,121.132261,23.979817,仁愛鄉親愛村萬大水庫宿舍旁
538,C1I030,武界,948.0,南投縣,121.052483,23.913225,仁愛鄉法治村
539,C1I050,丹大,2568.0,南投縣,121.141147,23.753747,信義鄉丹大事業區第十七林班地(瞭望台旁)
540,C1I070,和社,825.0,南投縣,120.888861,23.591131,信義鄉中橫同富村同和巷47號和社分社觀測坪內
541,C1I101,溪頭,1810.0,南投縣,120.807647,23.661789,鹿谷鄉內湖村森林巷溪頭林營區(鳳凰山瞭望台旁)
542,C1I121,大鞍,1515.0,南投縣,120.760017,23.678381,竹山鎮樟空倫山之三角點附近
543,C1I131,桶頭,311.0,南投縣,120.654117,23.641944,竹山鎮鯉南路338號旁
544,C1I140,卡奈托灣,1700.0,南投縣,121.087872,23.754364,信義鄉丹大事業區第16林班地
545,C1I150,青雲,393.0,南投縣,120.949378,23.793361,信義鄉地利村5鄰開信巷98-3號旁
546,C1I201,中心崙,677.0,南投縣,120.712097,23.728722,竹山鎮之中心崙林道4.1km處
547,C1I211,蘆竹湳,529.0,南投縣,120.811994,23.934019,中寮鄉清水村龍林巷4鄰58之6號旁
548,C1I220,樟湖,1098.0,南投縣,120.846983,23.905333,國姓鄉147縣道9km處與站址直線距離約1.6km
549,C1I230,九份二山,837.0,南投縣,120.845,23.961944,國姓鄉南港村九份二山上(921地震紀念公園內)
550,C1I240,外大坪,725.0,南投縣,120.917931,23.958697,埔里鎮種瓜路(投68)路口至站址車程約20分鐘
551,C1I250,鯉潭,732.0,南投縣,120.991131,23.961922,埔里鎮埔里高工旁中心路2km處
552,C1I260,北坑,601.0,南投縣,121.006903,23.9246,埔里鎮麒麟里4鄰武界路31號旁
553,C1I280,埔中,439.0,南投縣,120.642594,23.820778,名間鄉埔中村11之3號後面
554,C1I290,豐丘,1151.0,南投縣,120.887417,23.668178,信義鄉豐丘村豐丘產業道路末端
555,C1I310,西巒,1033.0,南投縣,120.883956,23.754486,信義鄉台21線道之人倫林道9.5k處
556,C1I320,奧萬大,1275.0,南投縣,121.178556,23.952956,仁愛鄉奧萬大森林遊樂區內(員工宿舍)
557,C1I330,楓樹林,1266.0,南投縣,121.076117,23.986803,仁愛鄉埔里事業區107林班地(臺14線近埔里市區)
558,C1I340,新興橋,897.0,南投縣,120.868728,23.563333,信義鄉臺21線新興橋附近
559,C1I400,凌霄,1399.0,南投縣,121.004456,24.018778,仁愛鄉守城段4地號
560,C1I430,翠華,2415.0,南投縣,121.224339,24.191961,仁愛鄉翠華村華岡段70地號內
561,C1I440,新高口,2540.0,南投縣,120.878939,23.478744,信義鄉新高口(臺18線約107.5k處路旁，對高岳營林區第31林班446號林地內)
562,C1I450,望鄉山,3025.0,南投縣,120.944286,23.594153,信義鄉巒大事業區第131林班內(郡大林道約32K附近，望鄉山三角點旁)
563,C1I470,杉林溪,1680.0,南投縣,120.786444,23.639517,竹山鎮大鞍里(杉林溪森林生態渡假園區收費亭附近，向欣谷碑旁)
564,C1I500,大尖山,2017.0,南投縣,120.994889,23.858572,仁愛鄉大尖山
565,C1I510,線浸林道,1208.0,南投縣,120.832956,23.761508,鹿谷鄉線浸林道11k附近
566,C1I550,國六W023K,373.0,南投縣,120.867742,23.979067,國道6號西向23.7K
567,C1K540,口湖,15.0,雲林縣,120.180517,23.585344,口湖鄉口湖村中正路一段280號(口湖消防分隊)
568,C1M390,龍美,1090.0,嘉義縣,120.654417,23.406728,番路鄉公興村隆美地區(舊地名為瀨頭)私人茶園內
569,C1M400,菜瓜坪,369.0,嘉義縣,120.576103,23.251928,大埔鄉西興村
570,C1M480,獨立山,840.0,嘉義縣,120.607797,23.537022,竹崎鄉(獨立山三角點旁)
571,C1M600,頭凍,986.0,嘉義縣,120.603339,23.406364,番路鄉阿里山公路23k處轉入興社產業道路盡頭
572,C1M610,石磐龍,1083.0,嘉義縣,120.663506,23.496606,竹崎鄉光華村
573,C1M620,瑞里,1252.0,嘉義縣,120.675197,23.545133,梅山鄉瑞里派出所旁小路至站址(公墓旁)車程約10分鐘
574,C1M640,十字,1567.0,嘉義縣,120.753683,23.492153,阿里山鄉十字村16號（十字國小樓頂）
575,C1M870,國三N285K,121.0,嘉義縣,120.505833,23.550319,國道3號北向285K
576,C1N001,沙崙,24.0,臺南市,120.309406,22.935472,歸仁區沙崙里184號北沙崙農場
577,C1O850,環湖,44.0,臺南市,120.418633,23.148617,大內區頭社里10號(大內國小鳴頭分校內)
578,C1O870,大棟山,1249.0,臺南市,120.52226,23.31157,白河區大棟山三角點
579,C1O880,關山,223.0,臺南市,120.594092,23.173397,南化區關山里西阿里關83號(瑞峰國小附近)
580,C1O921,楠西,115.0,臺南市,120.484083,23.183511,楠西區中興路107號(楠西國民中學內)
581,C1O940,東山服務區,55.0,臺南市,120.398472,23.286016,國道3號北向319.9K
582,C1R110,口社,110.0,屏東縣,120.645222,22.770111,三地門鄉口社村5鄰信義巷58-5號
583,C1R120,上德文,820.0,屏東縣,120.704442,22.763272,三地門鄉德文村口之公墓旁
584,C1R250,力里,92.0,屏東縣,120.629228,22.428117,春日鄉七佳村自強一路92號(力里國民小學內)
585,C1R290,石門山,260.0,屏東縣,120.756597,22.112611,牡丹鄉石門古戰場(恆春事業區29林班地)
586,C1R610,西大武山,1828.0,屏東縣,120.7322,22.617719,泰武鄉北大武山步道2.6k
587,C1R630,龍泉,60.0,屏東縣,120.59091,22.66701,內埔鄉大新路109號（屏東縣新生國民小學）
588,C1S670,摩天,1580.0,臺東縣,121.027,23.199503,海端鄉(省道臺20線169K福德宮後方)
589,C1S800,華源,80.0,臺東縣,121.02325,22.657883,太麻里鄉華源村
590,C1S820,金峰,177.0,臺東縣,120.933236,22.590969,金峰鄉嘉蘭村嘉蘭國小旁
591,C1S850,豐南,489.0,花蓮縣,121.262389,23.122139,富里鄉豐南村花82縣道盡頭叉路1k旁
592,C1S860,利嘉,516.0,臺東縣,121.050528,22.809417,卑南鄉利嘉林道6k附近梅子園
593,C1S870,南美山,222.0,臺東縣,121.382333,23.15025,成功鎮南美山產業道路盡頭柑橘園
594,C1S880,壽卡,474.0,臺東縣,120.858903,22.238911,達仁鄉(大武事業區第48林班內)電信轉播站後方
595,C1SA50,利嘉林道,1235.0,臺東縣,121.009389,22.82325,臺東縣卑南鄉利嘉林道17K處
596,C1SA70,都蘭,62.0,臺東縣,121.226881,22.87794,東河鄉都蘭村431號(都蘭國民小學教室頂樓)
597,C1T800,洛韶,1260.0,花蓮縣,121.453956,24.204558,秀林鄉富世村中橫公路洛韶11號旁
598,C1T810,慈恩,2049.0,花蓮縣,121.388386,24.192044,秀林鄉富世村關原路3號(救國團慈恩山莊)
599,C1T830,布洛灣,675.0,花蓮縣,121.57127,24.17184,秀林鄉布洛灣地區(布洛灣遊客中心圓環之廣場旁邊)
600,C1T920,中興,68.0,花蓮縣,121.498653,23.769503,壽豐鄉中興大橋橋頭旁
601,C1T940,大觀,539.0,花蓮縣,121.373133,23.714206,萬榮鄉(往臺16線過管制哨約12k處)
602,C1T950,太安,1050.0,花蓮縣,121.370128,23.666719,萬榮鄉太田事業區128林班地(馬太鞍苗圃)
603,C1T970,大農,183.0,花蓮縣,121.413331,23.615233,光復鄉花蓮糖廠之大農農場內(大農段691號)
604,C1T980,龍澗,1306.0,花蓮縣,121.411328,24.023289,秀林鄉龍澗發電廠旁
605,C1T990,高寮,128.0,花蓮縣,121.356808,23.394239,玉里鎮觀音里15鄰9號(觀音國民小學校園內)
606,C1TA00,太魯閣,94.0,花蓮縣,121.6236,24.15773,秀林鄉富世291號（太魯閣國家公園管理處內）
607,C1U501,牛鬥,280.0,宜蘭縣,121.573656,24.637836,大同鄉牛鬥地區
608,C1U670,寒溪,105.0,宜蘭縣,121.71691,24.634,冬山鄉大進村大進七路51號(大進國民小學校園內)
609,C1U690,新寮,101.0,宜蘭縣,121.751267,24.625561,冬山鄉中山瀑布附近
610,C1U840,東澳嶺,750.0,宜蘭縣,121.8485,24.5378,南澳鄉
611,C1U850,觀音海岸,665.0,宜蘭縣,121.77856,24.38319,南澳鄉之林務局羅東林區管理處和平事業區91林班
612,C1U880,北關,8.0,宜蘭縣,121.87188,24.90651,頭城鎮濱海路三段(北關梗枋漁港北側路邊)
613,C1U920,思源,2085.0,宜蘭縣,121.347214,24.393125,大同鄉與臺中市和平區交界之羅葉尾山步道邊(大甲溪事業區40林班內)
614,C1V160,達卡努瓦,1040.0,高雄市,120.705319,23.279811,那瑪夏區達卡努瓦里
615,C1V170,排雲,3690.0,高雄市,120.954147,23.463619,桃源區排雲山莊往南峰方向步行約6小時(登山口-8.5k排雲山莊-1.5k測站)
616,C1V190,南天池,2700.0,高雄市,120.91176,23.27403,桃源區長春祠旁之步道步行約50分鐘
617,C1V200,梅山,870.0,高雄市,120.823556,23.268447,桃源區梅山里(梅山口遊客中心旁道路步行約10分鐘)
618,C1V220,小關山,1781.0,高雄市,120.813603,23.154217,桃源區老濃溪事業區99林班地
619,C1V231,高中,731.0,高雄市,120.716711,23.134911,桃源區高中里
620,C1V300,御油山,1637.0,高雄市,120.715364,23.001983,桃源區農業委員會林業試驗所六龜分所鳳崗山苗圃觀測坪內
621,C1V340,大津,190.0,高雄市,120.645986,22.888322,六龜區大津里34號(龍興國小大津分校)
622,C1V390,尖山,60.0,高雄市,120.367789,22.813153,燕巢區尖山里尖山巷11之1號(燕巢國小尖山分校)
623,C1V570,吉東,82.0,高雄市,120.5454,22.85422,美濃區吉東里吉頂路19號(吉東國小)
624,C1V580,溪南(特生中心),1656.0,高雄市,120.788475,23.084972,桃源區石山林道7k(特有生物研究保育中心中海拔試驗站)
625,C1V590,新發,741.0,高雄市,120.646064,23.057019,六龜區旗山事業區61林班地
626,C1V600,藤枝,1561.0,高雄市,120.757042,23.071961,桃源區藤枝森林遊樂區遊客中心
627,C1V780,多納林道,1050.0,高雄市,120.737917,22.888028,茂林區多納林道9k(林試所六龜研究中心多納苗圃)
628,C1V830,國三S383K,114.0,高雄市,120.426475,22.781967,燕巢區國道3號南向383K
629,C1X040,東原,232.0,臺南市,120.463822,23.291597,東山區高原里4鄰31號後方果園
630,C1Z030,紅葉,218.0,花蓮縣,121.338806,23.493119,萬榮鄉紅葉村教堂附近
631,C1Z040,立山,434.0,花蓮縣,121.327375,23.443356,卓溪鄉立山村後山上
632,C1Z110,三棧,680.0,花蓮縣,121.60501,24.11557,秀林鄉雙露山
633,C1Z120,壽豐,62.0,花蓮縣,121.508081,23.870853,壽豐鄉壽豐村壽山路37號(壽豐鄉文康中心)
634,C1Z130,銅門,187.0,花蓮縣,121.492842,23.965694,秀林鄉銅門村69號(銅門國小)
635,C1Z140,荖溪,950.0,花蓮縣,121.45964,23.890575,秀林鄉
636,C1Z240,中平林道,1163.0,花蓮縣,121.26763,23.42115,卓溪鄉中平林道(玉里林道)約15K鐵牌處步行上山高地
